timestamp_utc,current_replicas,desired_replicas,cpu_utilization_pct,pod_cpu_millicores,pod_memory_mib
2026-10-08T18:19:12.183640+00:00,2,2,3,4;4,191;191
2026-10-08T18:19:27.496735+00:00,2,2,4,6;20,191;191
2026-10-08T18:19:42.863244+00:00,2,2,13,885;953,205;206
2026-10-08T18:19:58.072786+00:00,2,4,919,885;960,205;207
2026-10-08T18:20:13.397342+00:00,4,6,922,957;960;644;805,207;207;194;195
2026-10-08T18:20:28.770064+00:00,6,6,907,606;817;719;600;498;779,197;207;207;196;193;196
2026-10-08T18:20:44.178119+00:00,6,6,728,423;479;400;453;440;779,200;206;206;196;194;196
2026-10-08T18:20:59.978105+00:00,6,6,495,639;580;623;600;551;405,200;206;206;196;194;197
2026-10-08T18:21:15.676688+00:00,6,6,566,579;520;535;565;544;631,202;205;206;196;196;198
2026-10-08T18:21:31.093450+00:00,6,6,562,636;572;625;584;544;605,202;205;206;196;196;198
2026-10-08T18:21:46.527431+00:00,6,6,594,683;672;683;570;620;694,202;206;207;196;196;199
2026-10-08T18:22:02.007330+00:00,6,6,653,611;604;627;614;553;694,202;206;207;196;196;199
2026-10-08T18:22:17.432748+00:00,6,6,617,668;667;672;637;661;609,202;206;206;197;196;199
2026-10-08T18:22:32.954073+00:00,6,6,652,640;699;687;670;712;666,202;207;207;197;199;199
2026-10-08T18:22:48.380844+00:00,6,6,667,671;670;659;640;712;652,203;207;207;197;199;200
2026-10-08T18:23:03.642501+00:00,6,6,683,684;670;740;666;660;682,203;207;207;198;199;200
2026-10-08T18:23:19.043920+00:00,6,6,687,720;720;662;641;702;679,203;207;206;197;199;200
2026-10-08T18:23:34.273313+00:00,6,6,678,650;715;693;701;637;675,203;207;206;198;199;200
2026-10-08T18:23:49.556710+00:00,6,6,217,236;385;10;147;285;244,203;206;206;197;199;199
2026-10-08T18:24:04.844310+00:00,6,6,51,6;6;4;4;285;5,202;205;206;197;199;199
2026-10-08T18:24:20.098044+00:00,6,6,4,3;4;8;5;5;4,202;205;205;196;198;199
2026-10-08T18:24:35.321637+00:00,6,6,4,5;5;4;4;5;6,202;205;205;196;198;199
2026-10-08T18:24:50.560954+00:00,6,6,4,4;5;6;3;4;4,202;205;205;196;198;199
2026-10-08T18:25:05.855989+00:00,6,6,3,4;3;4;4;3;4,202;205;205;196;198;199
2026-10-08T18:25:21.089241+00:00,6,6,9,8;8;8;9;12;11,202;205;205;196;198;199
2026-10-08T18:25:36.389302+00:00,6,6,5,3;4;5;6;7;6,202;205;205;196;198;199
2026-10-08T18:25:51.655824+00:00,6,6,4,5;6;4;4;5;5,202;205;205;196;198;199
2026-10-08T18:26:06.946900+00:00,6,6,3,4;4;3;3;3;3,202;205;205;196;198;199
2026-10-08T18:26:22.172390+00:00,6,6,3,3;3;4;3;3;3,202;205;205;196;198;199
2026-10-08T18:26:37.441574+00:00,6,6,3,5;4;3;3;4;3,202;205;205;196;198;199
2026-10-08T18:26:52.821800+00:00,6,6,3,5;4;3;3;3;3,202;205;205;196;198;199
2026-10-08T18:27:08.135680+00:00,6,6,3,6;4;4;5;5;4,202;205;205;196;198;199
2026-10-08T18:27:23.483944+00:00,6,6,4,3;5;3;3;4;5,202;205;205;196;198;199
2026-10-08T18:27:38.758657+00:00,6,6,3,6;5;7;6;5;6,202;205;205;196;198;199
2026-10-08T18:27:54.197465+00:00,6,6,5,7;6;4;15;5;6,202;205;205;196;198;199
2026-10-08T18:28:09.604345+00:00,6,6,7,6;8;11;9;7;7,202;205;205;196;198;199
2026-10-08T18:28:25.519824+00:00,6,6,8,12;11;13;9;10;12,202;205;205;196;198;199
2026-10-08T18:28:40.955993+00:00,6,6,11,12;20;4;8;8;12,202;205;205;196;198;199
2026-10-08T18:28:56.227338+00:00,6,6,10,7;4;5;5;6;13,202;205;205;196;198;199
2026-10-08T18:29:11.361228+00:00,6,2,6,4;3,205;196
2026-10-08T18:29:26.879318+00:00,2,2,3,4;4,205;196
