Timestamp,User Count,Type,Name,Requests/s,Failures/s,50%,66%,75%,80%,90%,95%,98%,99%,99.9%,99.99%,100%,Total Request Count,Total Failure Count,Total Median Response Time,Total Average Response Time,Total Min Response Time,Total Max Response Time,Total Average Content Size
1791484240,0,,Aggregated,0.000000,0.000000,N/A,N/A,N/A,N/A,N/A,N/A,N/A,N/A,N/A,N/A,N/A,0,0,0,0.0,0,0,0
1791484241,15,GET,GET /health,0.000000,0.000000,0,0,0,0,0,0,0,0,0,0,0,4,0,130,152.54441675642738,6.209582992596552,392.1664170047734,73.0
1791484241,15,POST,POST /v1/predict,0.000000,0.000000,0,0,0,0,0,0,0,0,0,0,0,26,0,380,284.6447548083513,34.03770801378414,659.7005419898778,123.42307692307692
1791484241,15,,Aggregated,0.000000,0.000000,0,0,0,0,0,0,0,0,0,0,0,30,0,250,267.03137640142813,6.209582992596552,659.7005419898778,116.7
1791484242,30,GET,GET /health,0.000000,0.000000,6,6,6,6,6,6,6,6,6,6,6,4,0,130,152.54441675642738,6.209582992596552,392.1664170047734,73.0
1791484242,30,POST,POST /v1/predict,0.000000,0.000000,71,97,390,390,600,660,660,660,660,660,660,26,0,380,284.6447548083513,34.03770801378414,659.7005419898778,123.42307692307692
1791484242,30,,Aggregated,0.000000,0.000000,58,97,110,390,600,660,660,660,660,660,660,30,0,250,267.03137640142813,6.209582992596552,659.7005419898778,116.7
1791484243,30,GET,GET /health,0.000000,0.000000,6,6,6,6,6,6,6,6,6,6,6,4,0,130,152.54441675642738,6.209582992596552,392.1664170047734,73.0
1791484243,30,POST,POST /v1/predict,0.000000,0.000000,71,97,390,390,600,660,660,660,660,660,660,26,0,380,284.6447548083513,34.03770801378414,659.7005419898778,123.42307692307692
1791484243,30,,Aggregated,0.000000,0.000000,58,97,110,390,600,660,660,660,660,660,660,30,0,250,267.03137640142813,6.209582992596552,659.7005419898778,116.7
1791484244,30,GET,GET /health,0.000000,0.000000,6,6,6,6,6,6,6,6,6,6,6,4,0,130,152.54441675642738,6.209582992596552,392.1664170047734,73.0
1791484244,30,POST,POST /v1/predict,0.000000,0.000000,71,97,390,390,600,660,660,660,660,660,660,26,0,380,284.6447548083513,34.03770801378414,659.7005419898778,123.42307692307692
1791484244,30,,Aggregated,0.000000,0.000000,58,97,110,390,600,660,660,660,660,660,660,30,0,250,267.03137640142813,6.209582992596552,659.7005419898778,116.7
1791484245,30,GET,GET /health,1.333333,0.000000,3800,3800,3900,3900,3900,3900,3900,3900,3900,3900,3900,7,0,390,1734.3513870021395,6.209582992596552,3896.5831249952316,73.0
1791484245,30,POST,POST /v1/predict,8.666667,0.000000,3800,4000,4000,4000,4000,4100,4200,4200,4200,4200,4200,43,0,520,1741.9144157665446,34.03770801378414,4163.223874988034,124.0
1791484245,30,,Aggregated,10.000000,0.000000,3800,3900,4000,4000,4000,4100,4200,4200,4200,4200,4200,50,0,520,1740.8555917395279,6.209582992596552,4163.223874988034,116.86
1791484246,30,GET,GET /health,1.000000,0.000000,710,3800,3800,3800,3900,3900,3900,3900,3900,3900,3900,11,0,510,1308.3385380027307,6.209582992596552,3896.5831249952316,73.0
1791484246,30,POST,POST /v1/predict,6.500000,0.000000,880,4000,4000,4100,4300,4400,4500,4500,4500,4500,4500,70,0,770,1857.9424030430216,34.03770801378414,4536.002958018798,124.05714285714286
1791484246,30,,Aggregated,7.500000,0.000000,860,3900,4000,4000,4300,4400,4500,4500,4500,4500,4500,81,0,660,1783.3048411239697,6.209582992596552,4536.002958018798,117.12345679012346
1791484247,30,GET,GET /health,0.800000,0.000000,230,510,710,3800,3800,3900,3900,3900,3900,3900,3900,18,0,230,833.3139606677125,6.209582992596552,3896.5831249952316,73.0
1791484247,30,POST,POST /v1/predict,5.200000,0.000000,390,770,1000,3800,4000,4300,4400,4500,4500,4500,4500,145,0,400,1065.4474140765096,27.532458014320582,4536.002958018798,123.6896551724138
1791484247,30,,Aggregated,6.000000,0.000000,390,710,940,3800,4000,4300,4400,4500,4500,4500,4500,163,0,390,1039.8130449884218,6.209582992596552,4536.002958018798,118.0920245398773
1791484248,30,GET,GET /health,1.500000,0.000000,42,79,110,200,540,3800,3900,3900,3900,3900,3900,50,0,45,329.26388419931754,5.854957998963073,3896.5831249952316,73.0
1791484248,30,POST,POST /v1/predict,9.000000,0.000000,130,290,520,630,3800,4000,4300,4400,4500,4500,4500,263,0,140,645.0266985101191,23.5182500036899,4536.002958018798,123.42205323193916
1791484248,30,,Aggregated,10.500000,0.000000,110,230,460,570,3800,4000,4300,4400,4500,4500,4500,313,0,110,594.5853543710134,5.854957998963073,4536.002958018798,115.36741214057508
1791484249,30,GET,GET /health,1.857143,0.000000,44,72,90,99,500,710,3800,3900,3900,3900,3900,67,0,45,258.62785517898345,5.854957998963073,3896.5831249952316,73.0
1791484249,30,POST,POST /v1/predict,15.285714,0.000000,110,170,250,400,880,4000,4300,4400,4500,4500,4500,379,0,110,478.50399350142044,23.5182500036899,4536.002958018798,123.30343007915567
1791484249,30,,Aggregated,17.142857,0.000000,94,150,230,340,860,4000,4200,4400,4500,4500,4500,446,0,99,445.4732731704714,5.854957998963073,4536.002958018798,115.74663677130044
1791484250,30,GET,GET /health,4.375000,0.000000,27,45,70,79,200,540,3800,3900,3900,3900,3900,98,0,30,183.05766458144382,4.587375005939975,3896.5831249952316,73.0
1791484250,30,POST,POST /v1/predict,25.000000,0.000000,91,140,190,240,670,3800,4200,4400,4500,4500,4500,500,0,94,382.9033474964672,19.410083012189716,4536.002958018798,123.238
1791484250,30,,Aggregated,29.375000,0.000000,78,120,170,230,580,3800,4100,4300,4500,4500,4500,598,0,81,350.1527171859784,4.587375005939975,4536.002958018798,115.00501672240803
1791484251,30,GET,GET /health,6.888889,0.000000,30,48,68,72,120,510,3800,3800,3900,3900,3900,119,0,31,158.84780781534343,4.587375005939975,3896.5831249952316,73.0
1791484251,30,POST,POST /v1/predict,35.333333,0.000000,87,130,170,210,530,1200,4000,4300,4500,4500,4500,620,0,90,327.05597634091146,19.410083012189716,4536.002958018798,123.1983870967742
1791484251,30,,Aggregated,42.222222,0.000000,77,120,150,190,480,1000,4000,4300,4500,4500,4500,739,0,78,299.9696812738714,4.587375005939975,4536.002958018798,115.11502029769959
1791484252,30,GET,GET /health,7.800000,0.000000,27,45,57,70,99,500,3800,3800,3900,3900,3900,140,0,27,138.1067098573632,4.217708978103474,3896.5831249952316,73.0
1791484252,30,POST,POST /v1/predict,43.400000,0.000000,77,110,140,170,390,880,4000,4300,4500,4500,4500,765,0,78,276.6953298383015,17.513333004899323,4536.002958018798,123.1359477124183
1791484252,30,,Aggregated,51.200000,0.000000,70,99,130,160,320,850,4000,4200,4500,4500,4500,905,0,71,255.25620630533868,4.217708978103474,4536.002958018798,115.38011049723757
1791484253,30,GET,GET /health,10.500000,0.000000,25,43,52,64,92,230,710,3800,3900,3900,3900,162,0,27,123.16026032706837,4.217708978103474,3896.5831249952316,73.0
1791484253,30,POST,POST /v1/predict,54.300000,0.000000,73,100,130,150,260,770,4000,4200,4500,4500,4500,905,0,73,243.80569639467782,15.350667003076524,4536.002958018798,123.10386740331492
1791484253,30,,Aggregated,64.800000,0.000000,67,91,120,140,240,710,4000,4100,4500,4500,4500,1067,0,68,225.48839494861156,4.217708978103474,4536.002958018798,115.49671977507029
1791484254,30,GET,GET /health,12.400000,0.000000,25,42,49,60,99,200,710,3800,3900,3900,3900,191,0,25,111.59325877971904,4.217708978103474,3896.5831249952316,73.0
1791484254,30,POST,POST /v1/predict,67.000000,0.000000,71,97,120,140,240,630,4000,4200,4500,4500,4500,1023,0,71,224.63272543034455,15.350667003076524,4536.002958018798,123.0909090909091
1791484254,30,,Aggregated,79.400000,0.000000,66,88,110,130,230,550,3900,4100,4500,4500,4500,1214,0,66,206.84809764593808,4.217708978103474,4536.002958018798,115.21004942339374
1791484255,30,GET,GET /health,14.400000,0.000000,28,42,52,60,91,120,200,230,710,710,710,211,0,29,106.79731047844682,4.217708978103474,3896.5831249952316,73.0
1791484255,30,POST,POST /v1/predict,80.800000,0.000000,72,97,120,140,210,310,670,880,1300,1400,1400,1121,0,74,216.0914553206079,15.350667003076524,4536.002958018798,123.10080285459411
1791484255,30,,Aggregated,95.200000,0.000000,66,89,110,130,200,280,580,860,1300,1400,1400,1332,0,68,198.77834378780312,4.217708978103474,4536.002958018798,115.16441441441441
1791484256,30,GET,GET /health,16.700000,0.000000,25,41,49,58,92,140,190,200,640,640,640,232,0,27,103.1907992583001,4.217708978103474,3896.5831249952316,73.0
1791484256,30,POST,POST /v1/predict,93.200000,0.000000,69,92,110,130,190,250,350,530,770,790,790,1232,0,73,207.3778043777093,15.350667003076524,4536.002958018798,123.10146103896103
1791484256,30,,Aggregated,109.900000,0.000000,64,84,100,120,170,240,340,510,770,790,790,1464,0,67,190.8672953697155,4.217708978103474,4536.002958018798,115.16188524590164
1791484257,30,GET,GET /health,19.900000,0.000000,24,37,45,52,75,120,160,190,640,640,640,257,0,27,95.85532736520605,4.217708978103474,3896.5831249952316,73.0
1791484257,30,POST,POST /v1/predict,104.900000,0.000000,68,88,110,120,160,210,260,310,670,730,730,1357,0,72,195.28723983155436,15.350667003076524,4536.002958018798,123.09137803979367
1791484257,30,,Aggregated,124.800000,0.000000,62,81,97,110,160,200,260,300,670,730,730,1614,0,67,179.45452514515316,4.217708978103474,4536.002958018798,115.11524163568774
1791484258,30,GET,GET /health,21.300000,0.000000,25,40,47,56,89,120,160,190,640,640,640,274,0,29,93.88514039005547,4.217708978103474,3896.5831249952316,73.0
1791484258,30,POST,POST /v1/predict,111.100000,0.000000,70,91,110,120,170,220,270,310,670,730,730,1470,0,74,189.0099278906777,15.350667003076524,4536.002958018798,123.08775510204082
1791484258,30,,Aggregated,132.400000,0.000000,64,84,100,120,160,210,260,300,670,730,730,1744,0,68,174.0648637994102,4.217708978103474,4536.002958018798,115.2184633027523
1791484259,30,GET,GET /health,22.900000,0.000000,27,41,52,58,110,140,170,190,640,640,640,287,0,30,93.72778951532356,4.217708978103474,3896.5831249952316,73.0
1791484259,30,POST,POST /v1/predict,119.300000,0.000000,73,98,120,140,200,250,320,380,670,730,730,1556,0,77,189.6314183221826,15.350667003076524,4536.002958018798,123.1060411311054
1791484259,30,,Aggregated,142.200000,0.000000,67,91,110,130,190,240,310,360,670,730,730,1843,0,71,174.69688686935106,4.217708978103474,4536.002958018798,115.30330982094411
1791484260,30,GET,GET /health,23.100000,0.000000,30,44,57,68,120,160,200,260,640,640,640,306,0,31,92.493066064967,4.217708978103474,3896.5831249952316,73.0
1791484260,30,POST,POST /v1/predict,121.000000,0.000000,73,99,120,140,200,270,340,380,670,730,730,1658,0,78,185.78232260081012,15.350667003076524,4536.002958018798,123.10554885404102
1791484260,30,,Aggregated,144.100000,0.000000,68,92,120,130,190,260,320,380,670,730,730,1964,0,72,171.24743843585696,4.217708978103474,4536.002958018798,115.2988798370672
1791484261,30,GET,GET /health,21.900000,0.000000,32,44,57,73,130,160,190,200,640,640,640,332,0,31,88.66711083416692,4.217708978103474,3896.5831249952316,73.0
1791484261,30,POST,POST /v1/predict,118.900000,0.000000,78,110,130,150,210,270,340,390,670,730,730,1775,0,79,180.10909722765422,15.350667003076524,4536.002958018798,123.09971830985916
1791484261,30,,Aggregated,140.800000,0.000000,71,99,120,140,200,260,330,380,670,730,730,2107,0,72,165.70058299764105,4.217708978103474,4536.002958018798,115.20550545799715
1791484262,30,GET,GET /health,21.800000,0.000000,32,45,57,68,130,160,190,200,640,640,640,357,0,30,84.84511824915934,4.217708978103474,3896.5831249952316,73.0
1791484262,30,POST,POST /v1/predict,117.000000,0.000000,82,110,140,160,210,270,340,390,670,730,730,1896,0,79,174.10541202997388,15.350667003076524,4536.002958018798,123.09493670886076
1791484262,30,,Aggregated,138.800000,0.000000,74,110,130,150,200,260,330,380,670,730,730,2253,0,72,159.96163711663576,4.217708978103474,4536.002958018798,115.15712383488682
1791484263,30,GET,GET /health,21.000000,0.000000,37,54,73,93,140,160,190,200,640,640,640,380,0,32,84.3658745734597,4.217708978103474,3896.5831249952316,73.0
1791484263,30,POST,POST /v1/predict,115.300000,0.000000,90,120,150,170,230,280,350,400,670,730,730,1992,0,81,172.74389995471424,15.350667003076524,4536.002958018798,123.09789156626506
1791484263,30,,Aggregated,136.300000,0.000000,82,120,140,160,210,270,350,400,670,730,730,2372,0,73,158.5855316389989,4.217708978103474,4536.002958018798,115.0720910623946
1791484264,30,GET,GET /health,21.800000,0.000000,40,58,82,93,140,160,220,260,640,640,640,395,0,32,83.7780330274873,4.217708978103474,3896.5831249952316,73.0
1791484264,30,POST,POST /v1/predict,113.300000,0.000000,100,140,170,190,250,310,390,450,730,730,730,2072,0,84,173.98065653556617,15.350667003076524,4536.002958018798,123.10810810810811
1791484264,30,,Aggregated,135.100000,0.000000,90,130,160,180,240,300,380,440,670,730,730,2467,0,75,159.537998941042,4.217708978103474,4536.002958018798,115.08512363194163
1791484265,30,GET,GET /health,22.200000,0.000000,37,52,65,84,130,160,200,220,260,260,260,414,0,32,81.62596488609384,4.217708978103474,3896.5831249952316,73.0
1791484265,30,POST,POST /v1/predict,109.300000,0.000000,99,130,160,180,240,290,360,400,480,560,560,2180,0,85,171.51886252185741,15.350667003076524,4536.002958018798,123.11238532110092
1791484265,30,,Aggregated,131.500000,0.000000,87,120,150,170,220,270,340,390,480,560,560,2594,0,76,157.17203922917966,4.217708978103474,4536.002958018798,115.11449498843486
1791484266,30,GET,GET /health,21.900000,0.000000,40,56,75,90,130,160,220,260,290,290,290,437,0,32,80.54601050086438,4.217708978103474,3896.5831249952316,73.0
1791484266,30,POST,POST /v1/predict,107.500000,0.000000,110,140,170,190,250,290,360,400,560,560,560,2281,0,86,169.16464792744367,15.350667003076524,4536.002958018798,123.11266988163086
1791484266,30,,Aggregated,129.400000,0.000000,95,130,160,180,230,280,350,400,480,560,560,2718,0,77,154.91654470617246,4.217708978103474,4536.002958018798,115.05555555555556
1791484267,30,GET,GET /health,19.800000,0.000000,43,60,82,93,130,160,220,260,290,290,290,457,0,32,79.43198076558618,4.217708978103474,3896.5831249952316,73.0
1791484267,30,POST,POST /v1/predict,104.100000,0.000000,110,150,180,190,250,290,360,400,560,560,560,2394,0,87,166.96666403825407,15.350667003076524,4536.002958018798,123.1157059314954
1791484267,30,,Aggregated,123.900000,0.000000,99,130,160,180,240,280,350,400,480,560,560,2851,0,78,152.93532406785448,4.217708978103474,4536.002958018798,115.08242721851981
1791484268,30,GET,GET /health,20.100000,0.000000,37,55,72,89,130,160,220,260,290,290,290,479,0,32,77.05613508746893,4.083292005816475,3896.5831249952316,73.0
1791484268,30,POST,POST /v1/predict,105.100000,0.000000,98,130,160,180,230,280,360,400,480,560,560,2533,0,84,161.41339636818807,15.350667003076524,4536.002958018798,123.10501381760758
1791484268,30,,Aggregated,125.200000,0.000000,88,120,150,170,220,270,340,390,480,560,560,3012,0,75,147.9980151751388,4.083292005816475,4536.002958018798,115.13678618857902
1791484269,30,GET,GET /health,20.400000,0.000000,37,55,69,82,130,160,200,220,290,290,290,502,0,32,75.99332810357998,4.083292005816475,3896.5831249952316,73.0
1791484269,30,POST,POST /v1/predict,102.600000,0.000000,92,130,160,180,230,270,340,400,490,560,560,2618,0,84,160.19038571115462,15.350667003076524,4536.002958018798,123.10466004583651
1791484269,30,,Aggregated,123.000000,0.000000,83,120,140,160,220,260,320,390,490,560,560,3120,0,75,146.64329503198715,4.083292005816475,4536.002958018798,115.04294871794872
1791484270,30,GET,GET /health,20.300000,0.000000,37,55,71,84,130,160,200,220,290,290,290,521,0,32,75.87338099613672,4.083292005816475,3896.5831249952316,73.0
1791484270,30,POST,POST /v1/predict,104.200000,0.000000,95,130,170,190,250,310,400,450,560,560,560,2694,0,85,161.95098707159562,15.350667003076524,4536.002958018798,123.11581291759465
1791484270,30,,Aggregated,124.500000,0.000000,85,120,150,170,240,300,400,440,550,560,560,3215,0,76,148.00186334988052,4.083292005816475,4536.002958018798,114.99440124416796
1791484271,30,GET,GET /health,21.000000,0.000000,36,55,69,82,130,160,220,270,290,290,290,543,0,32,73.761691987102,4.083292005816475,3896.5831249952316,73.0
1791484271,30,POST,POST /v1/predict,107.000000,0.000000,92,130,170,190,250,310,400,450,560,560,560,2822,0,83,158.19511027890093,14.732167008332908,4536.002958018798,123.11233167965982
1791484271,30,,Aggregated,128.000000,0.000000,82,120,150,180,240,300,400,440,550,560,560,3365,0,74,144.57034174028374,4.083292005816475,4536.002958018798,115.0258543833581
1791484272,30,GET,GET /health,21.400000,0.000000,31,46,61,71,110,160,220,270,290,290,290,562,0,31,72.73338707651756,4.083292005816475,3896.5831249952316,73.0
1791484272,30,POST,POST /v1/predict,104.400000,0.000000,85,120,160,180,240,300,400,440,550,560,560,2966,0,82,154.52112933860118,14.732167008332908,4536.002958018798,123.10755225893459
1791484272,30,,Aggregated,125.800000,0.000000,76,110,150,170,230,290,380,430,550,560,560,3528,0,73,141.4925830939042,4.083292005816475,4536.002958018798,115.12556689342404
1791484273,30,GET,GET /health,21.400000,0.000000,26,38,54,61,100,160,200,220,290,290,290,602,0,30,69.21117932721741,3.835415991488844,3896.5831249952316,73.0
1791484273,30,POST,POST /v1/predict,105.200000,0.000000,72,100,140,170,240,290,390,440,550,560,560,3111,0,78,149.49762206656706,14.732167008332908,4536.002958018798,123.09707489553199
1791484273,30,,Aggregated,126.600000,0.000000,65,92,130,150,230,290,370,430,550,560,560,3713,0,71,136.48053654836386,3.835415991488844,4536.002958018798,114.9746835443038
1791484274,30,GET,GET /health,20.300000,0.000000,22,34,44,55,95,130,190,200,290,290,290,630,0,29,66.77029840791384,3.835415991488844,3896.5831249952316,73.0
1791484274,30,POST,POST /v1/predict,105.300000,0.000000,66,89,120,140,210,260,370,420,540,550,550,3249,0,77,145.55822731338512,14.732167008332908,4536.002958018798,123.08895044629116
1791484274,30,,Aggregated,125.600000,0.000000,56,82,100,130,190,250,330,400,540,550,550,3879,0,69,132.76204396446866,3.835415991488844,4536.002958018798,114.95385408610467
1791484275,30,GET,GET /health,21.100000,0.000000,22,35,46,58,99,160,200,200,340,340,340,649,0,29,67.61031958856799,3.835415991488844,3896.5831249952316,73.0
1791484275,30,POST,POST /v1/predict,110.100000,0.000000,65,88,120,140,220,290,370,420,540,550,550,3318,0,77,146.10239948650266,14.732167008332908,4536.002958018798,123.09282700421942
1791484275,30,,Aggregated,131.200000,0.000000,56,81,100,130,200,270,370,410,540,550,550,3967,0,70,133.26111895870847,3.835415991488844,4536.002958018798,114.8976556591883
1791484276,30,GET,GET /health,22.200000,0.000000,19,31,39,48,89,170,200,270,400,400,400,679,0,27,65.87344844777046,3.835415991488844,3896.5831249952316,73.0
1791484276,30,POST,POST /v1/predict,113.700000,0.000000,56,78,97,120,220,300,400,440,540,550,550,3473,0,75,143.00228434586614,14.732167008332908,4536.002958018798,123.08810826374892
1791484276,30,,Aggregated,135.900000,0.000000,50,71,89,110,200,290,390,430,540,550,550,4152,0,68,130.38897038276232,3.835415991488844,4536.002958018798,114.89691714836223
1791484277,30,GET,GET /health,23.800000,0.000000,18,27,37,44,79,160,200,270,400,400,400,714,0,26,63.61448715544627,3.7815840041730553,3896.5831249952316,73.0
1791484277,30,POST,POST /v1/predict,117.200000,0.000000,51,70,87,100,210,290,400,440,540,550,550,3623,0,73,138.93556108833943,13.179834000766277,4536.002958018798,123.07866409053271
1791484277,30,,Aggregated,141.000000,0.000000,45,64,81,93,190,280,390,430,540,550,550,4337,0,66,126.53545807056547,3.7815840041730553,4536.002958018798,114.83421720083007
1791484278,30,GET,GET /health,23.800000,0.000000,17,25,35,41,72,160,200,270,400,400,400,750,0,25,61.340901108187005,3.7815840041730553,3896.5831249952316,73.0
1791484278,30,POST,POST /v1/predict,116.200000,0.000000,47,67,85,100,210,290,400,440,540,550,550,3759,0,71,135.49801425163457,13.179834000766277,4536.002958018798,123.0707635009311
1791484278,30,,Aggregated,140.000000,0.000000,42,60,77,90,190,280,390,430,540,550,550,4509,0,64,123.16316509271117,3.7815840041730553,4536.002958018798,114.74229319139499
1791484279,30,GET,GET /health,24.500000,0.000000,17,25,34,41,67,190,300,380,420,420,420,764,0,26,63.17625997790851,3.7815840041730553,3896.5831249952316,73.0
1791484279,30,POST,POST /v1/predict,121.300000,0.000000,48,68,88,110,220,330,420,470,550,560,560,3833,0,72,137.24650270516355,13.179834000766277,4536.002958018798,123.07722410644404
1791484279,30,,Aggregated,145.800000,0.000000,42,60,79,97,200,300,420,450,550,560,560,4597,0,65,124.93637317642245,3.7815840041730553,4536.002958018798,114.75462257994344
1791484280,30,GET,GET /health,25.500000,0.000000,17,24,33,39,61,160,300,380,420,420,420,807,0,25,61.143557779709354,3.7815840041730553,3896.5831249952316,73.0
1791484280,30,POST,POST /v1/predict,123.300000,0.000000,46,64,82,95,150,260,390,430,530,560,560,3976,0,71,134.47128391070393,13.179834000766277,4536.002958018798,123.07067404426559
1791484280,30,,Aggregated,148.800000,0.000000,41,57,72,88,140,250,380,420,530,560,560,4783,0,64,122.0992423075861,3.7815840041730553,4536.002958018798,114.62262178549028
1791484281,30,GET,GET /health,26.500000,0.000000,14,23,28,33,54,100,200,380,420,420,420,850,0,24,58.82544132963042,3.7815840041730553,3896.5831249952316,73.0
1791484281,30,POST,POST /v1/predict,122.400000,0.000000,42,58,72,85,140,250,390,430,530,560,560,4119,0,69,131.0238798231981,12.621291010873392,4536.002958018798,123.0626365622724
1791484281,30,,Aggregated,148.900000,0.000000,37,51,65,75,120,220,380,420,530,560,560,4969,0,62,118.67357337933967,3.7815840041730553,4536.002958018798,114.4988931374522
1791484282,30,GET,GET /health,27.200000,0.000000,14,23,31,35,61,110,300,380,420,420,420,869,0,24,58.458375726268926,3.7815840041730553,3896.5831249952316,73.0
1791484282,30,POST,POST /v1/predict,124.400000,0.000000,44,64,83,97,150,260,390,430,530,560,560,4244,0,70,130.13435193656875,12.621291010873392,4536.002958018798,123.0629123468426
1791484282,30,,Aggregated,151.600000,0.000000,39,57,72,89,140,250,380,420,530,560,560,5113,0,62,117.95237984058781,3.7815840041730553,4536.002958018798,114.55427342069235
1791484283,30,GET,GET /health,28.900000,0.000000,14,23,33,37,71,110,300,380,420,420,420,900,0,23,57.23426963234993,3.7815840041730553,3896.5831249952316,73.0
1791484283,30,POST,POST /v1/predict,127.600000,0.000000,45,64,83,98,150,260,390,430,530,560,560,4390,0,69,127.64902170704427,12.621291010873392,4536.002958018798,123.05808656036446
1791484283,30,,Aggregated,156.500000,0.000000,40,57,73,89,140,250,380,420,530,560,560,5290,0,61,115.66919621229475,3.7815840041730553,4536.002958018798,114.54158790170132
1791484284,30,GET,GET /health,31.200000,0.000000,14,23,31,36,60,100,300,380,420,420,420,931,0,23,56.17743412256676,3.359916008776054,3896.5831249952316,73.0
1791484284,30,POST,POST /v1/predict,129.300000,0.000000,44,61,77,90,140,230,390,430,530,560,560,4523,0,68,125.35675117750654,12.621291010873392,4536.002958018798,123.05217775812514
1791484284,30,,Aggregated,160.500000,0.000000,38,55,70,81,130,210,370,420,530,560,560,5454,0,59,113.54781385111326,3.359916008776054,4536.002958018798,114.50825082508251
1791484285,30,GET,GET /health,29.800000,0.000000,14,23,32,38,59,93,170,380,420,420,420,953,0,23,55.67574707042633,3.359916008776054,3896.5831249952316,73.0
1791484285,30,POST,POST /v1/predict,127.500000,0.000000,45,61,78,90,140,190,310,390,530,560,560,4652,0,67,124.30002256097127,12.621291010873392,4536.002958018798,123.05202063628546
1791484285,30,,Aggregated,157.300000,0.000000,39,55,69,81,120,180,300,380,530,560,560,5605,0,59,112.63205921708379,3.359916008776054,4536.002958018798,114.54183764495986
1791484286,30,GET,GET /health,30.000000,0.000000,15,24,33,39,59,93,170,380,420,420,420,984,0,23,54.34561623885046,3.359916008776054,3896.5831249952316,73.0
1791484286,30,POST,POST /v1/predict,127.200000,0.000000,43,61,76,89,140,190,310,390,530,560,560,4812,0,65,121.34882475051621,12.599374982528389,4536.002958018798,123.0430174563591
1791484286,30,,Aggregated,157.200000,0.000000,38,54,68,80,120,180,300,380,530,560,560,5796,0,57,109.97353883342183,3.359916008776054,4536.002958018798,114.54710144927536
1791484287,30,GET,GET /health,30.400000,0.000000,14,23,30,34,59,93,170,380,420,420,420,1021,0,22,52.99335100788835,3.359916008776054,3896.5831249952316,73.0
1791484287,30,POST,POST /v1/predict,129.100000,0.000000,42,58,73,85,130,190,310,390,530,560,560,4967,0,64,118.81870589724375,10.710000002291054,4536.002958018798,123.03784980873768
1791484287,30,,Aggregated,159.500000,0.000000,37,51,64,78,120,180,300,380,530,560,560,5988,0,56,107.5949772162097,3.359916008776054,4536.002958018798,114.50601202404809
1791484288,30,GET,GET /health,30.300000,0.000000,15,23,28,34,59,93,170,380,420,420,420,1049,0,22,52.151877347054096,3.359916008776054,3896.5831249952316,73.0
1791484288,30,POST,POST /v1/predict,133.800000,0.000000,42,57,70,80,120,170,300,390,530,560,560,5113,0,63,116.87116812232784,10.710000002291054,4536.002958018798,123.03383532172893
1791484288,30,,Aggregated,164.100000,0.000000,37,51,63,74,110,160,270,380,530,560,560,6162,0,55,105.85355435678709,3.359916008776054,4536.002958018798,114.51622849724116
1791484289,30,GET,GET /health,30.700000,0.000000,13,21,26,30,49,67,94,110,170,170,170,1081,0,22,50.98763275033774,3.359916008776054,3896.5831249952316,73.0
1791484289,30,POST,POST /v1/predict,133.100000,0.000000,38,50,60,69,97,140,190,240,370,400,400,5280,0,61,114.15453366185609,10.710000002291054,4536.002958018798,123.02859848484849
1791484289,30,,Aggregated,163.800000,0.000000,34,46,55,62,90,120,180,230,370,400,400,6361,0,53,103.41983473317329,3.359916008776054,4536.002958018798,114.52664675365509
1791484290,30,GET,GET /health,31.000000,0.000000,12,18,24,28,48,63,93,100,170,170,170,1118,0,21,49.70981712632793,3.359916008776054,3896.5831249952316,73.0
1791484290,30,POST,POST /v1/predict,133.700000,0.000000,37,49,58,65,95,130,190,240,370,400,400,5442,0,59,111.82847653097808,10.710000002291054,4536.002958018798,123.02186696067622
1791484290,30,,Aggregated,164.700000,0.000000,33,45,53,60,87,120,180,230,370,400,400,6560,0,52,101.24179037024655,3.359916008776054,4536.002958018798,114.49679878048781
1791484291,30,GET,GET /health,30.300000,0.000000,12,18,25,28,49,67,97,110,170,170,170,1142,0,21,49.16324449315522,3.359916008776054,3896.5831249952316,73.0
1791484291,30,POST,POST /v1/predict,137.200000,0.000000,38,50,59,67,100,150,200,240,370,400,400,5583,0,59,110.55825184121562,10.710000002291054,4536.002958018798,123.02024001432922
1791484291,30,,Aggregated,167.500000,0.000000,34,46,54,61,94,140,190,230,370,400,400,6725,0,51,100.13251230344834,3.359916008776054,4536.002958018798,114.5260966542751
1791484292,30,GET,GET /health,31.600000,0.000000,11,16,21,26,44,62,93,110,140,140,140,1179,0,20,47.953751698283256,3.3288749982602894,3896.5831249952316,73.0
1791484292,30,POST,POST /v1/predict,144.500000,0.000000,36,46,53,60,85,120,180,210,370,400,400,5733,0,57,108.64654265351615,10.710000002291054,4536.002958018798,123.0155241583813
1791484292,30,,Aggregated,176.100000,0.000000,32,42,50,56,80,110,170,200,370,400,400,6912,0,50,98.29399627964179,3.3288749982602894,4536.002958018798,114.48423032407408
1791484293,30,GET,GET /health,31.100000,0.000000,10,16,20,25,39,60,86,110,140,140,140,1212,0,20,47.18336314309685,3.3288749982602894,3896.5831249952316,73.0
1791484293,30,POST,POST /v1/predict,146.400000,0.000000,34,44,51,57,80,110,180,210,370,400,400,5891,0,56,106.84158767452614,10.710000002291054,4536.002958018798,123.01205228314377
1791484293,30,,Aggregated,177.500000,0.000000,31,40,48,53,75,100,170,200,370,400,400,7103,0,49,96.66197791356707,3.3288749982602894,4536.002958018798,114.47838941292412
1791484294,30,GET,GET /health,29.200000,0.000000,10,16,20,26,40,62,86,110,140,140,140,1232,0,20,46.82521286970284,3.3288749982602894,3896.5831249952316,73.0
1791484294,30,POST,POST /v1/predict,145.900000,0.000000,35,45,52,59,88,130,190,220,370,400,400,6012,0,56,106.11922413353014,10.710000002291054,4536.002958018798,123.01097804391217
1791484294,30,,Aggregated,175.100000,0.000000,31,41,49,55,80,120,180,210,370,400,400,7244,0,49,96.03498588435355,3.3288749982602894,4536.002958018798,114.50552181115405
1791484295,30,GET,GET /health,31.300000,0.000000,10,15,20,24,37,69,90,140,270,270,270,1262,0,19,46.635392534451725,3.3288749982602894,3896.5831249952316,73.0
1791484295,30,POST,POST /v1/predict,149.100000,0.000000,34,44,51,57,81,120,180,210,400,430,430,6163,0,55,104.91114282662389,10.710000002291054,4536.002958018798,123.00746389745254
1791484295,30,,Aggregated,180.400000,0.000000,31,40,48,54,77,100,170,210,400,430,430,7425,0,49,95.0062274234291,3.3288749982602894,4536.002958018798,114.5078787878788
1791484296,30,GET,GET /health,30.400000,0.000000,10,15,19,24,36,69,90,140,270,270,270,1295,0,19,45.75378938416706,2.2640000097453594,3896.5831249952316,73.0
1791484296,30,POST,POST /v1/predict,148.800000,0.000000,34,44,52,58,84,120,180,210,400,430,430,6317,0,54,103.2479723871514,10.710000002291054,4536.002958018798,122.99968339401615
1791484296,30,,Aggregated,179.200000,0.000000,30,41,49,55,78,110,170,210,400,430,430,7612,0,48,93.46671030243455,2.2640000097453594,4536.002958018798,114.49343142406727
1791484297,30,GET,GET /health,30.300000,0.000000,10,15,20,24,37,70,100,140,270,270,270,1321,0,19,45.235837371289314,2.2640000097453594,3896.5831249952316,73.0
1791484297,30,POST,POST /v1/predict,147.900000,0.000000,33,43,51,58,84,120,180,210,400,430,430,6478,0,53,101.53649525112397,10.710000002291054,4536.002958018798,122.98965730163631
1791484297,30,,Aggregated,178.200000,0.000000,30,40,48,54,78,110,170,210,400,430,430,7799,0,47,92.00025098144047,2.2640000097453594,4536.002958018798,114.52237466341839
1791484298,30,GET,GET /health,31.100000,0.000000,10,13,18,23,35,69,100,140,270,270,270,1354,0,18,44.49371208673315,2.2640000097453594,3896.5831249952316,73.0
1791484298,30,POST,POST /v1/predict,150.300000,0.000000,31,41,48,54,78,120,170,210,400,430,430,6641,0,52,99.80879875419987,9.962167008779943,4536.002958018798,122.98373738894745
1791484298,30,,Aggregated,181.400000,0.000000,28,38,45,51,74,100,160,210,400,430,430,7995,0,46,90.44086537737061,2.2640000097453594,4536.002958018798,114.51869918699187
1791484299,30,GET,GET /health,30.400000,0.000000,10,15,20,25,39,69,100,140,270,270,270,1388,0,18,43.79668317758931,2.2640000097453594,3896.5831249952316,73.0
1791484299,30,POST,POST /v1/predict,150.300000,0.000000,32,42,50,56,79,120,170,210,400,430,430,6800,0,51,98.32116010769609,9.962167008779943,4536.002958018798,122.98029411764706
1791484299,30,,Aggregated,180.700000,0.000000,29,39,46,52,75,100,160,210,400,430,430,8188,0,45,89.07836895247037,2.2640000097453594,4536.002958018798,114.50781631656082
